[
    {
        "No": "0_ExampleDirectory",
        "sample": "-30",
        "magnification": 20,
        "material": NaN,
        "supply_factor": NaN,
        "geometry": NaN,
        "scan_strategy": NaN,
        "spotsize[um]": NaN,
        "hatch[mm]": NaN,
        "layer_thickness[mm]": NaN,
        "laser_power[W]": NaN,
        "markspeed[mm/s]": NaN,
        "volume_energy_density[J/mm3]": NaN,
        "porosity[-]": 0.4476328707637119,
        "area_accuracy": 0.0009049025955517404,
        "perimeter_accuracy": 0.033608781782182184,
        "total_defect_count": 4.0,
        "porosity_LOF[-]": 0.0,
        "porosity_gas_pore[-]": 0.0,
        "porosity_crack[-]": 0.4476328707637119,
        "porosity_ump[-]": 0.0,
        "x_min[um]": 31.88,
        "x_max[um]": 60.39,
        "x0_10[um]": 32.88,
        "x0_50[um]": 51.88,
        "x0_90[um]": 58.68,
        "x2_10[um]": 34.16,
        "x2_50[um]": 54.94,
        "x2_90[um]": 59.3
    },
    {
        "area_ump[um2]": [],
        "feret_ump[um]": [],
        "area_gas[um2]": [],
        "feret_gas[um]": [],
        "area_crack[um2]": [
            800.5143512858002,
            2863.8961304302006,
            2855.2540168494006,
            798.0065951128001
        ],
        "feret_crack[um]": [
            52.77819152282715,
            99.72302,
            99.44524000000001,
            52.778200000000005
        ],
        "area_LOF[um2]": [],
        "feret_LOF[um]": []
    }
]